-- MySQL dump 10.13  Distrib 5.7.17, for Win64 (x86_64)
--
-- Host: localhost    Database: solsoft_DB
-- ------------------------------------------------------
-- Server version	5.7.16-log

/*!40101 SET @OLD_CHARACTER_SET_CLIENT=@@CHARACTER_SET_CLIENT */;
/*!40101 SET @OLD_CHARACTER_SET_RESULTS=@@CHARACTER_SET_RESULTS */;
/*!40101 SET @OLD_COLLATION_CONNECTION=@@COLLATION_CONNECTION */;
/*!40101 SET NAMES utf8 */;
/*!40103 SET @OLD_TIME_ZONE=@@TIME_ZONE */;
/*!40103 SET TIME_ZONE='+00:00' */;
/*!40014 SET @OLD_UNIQUE_CHECKS=@@UNIQUE_CHECKS, UNIQUE_CHECKS=0 */;
/*!40014 SET @OLD_FOREIGN_KEY_CHECKS=@@FOREIGN_KEY_CHECKS, FOREIGN_KEY_CHECKS=0 */;
/*!40101 SET @OLD_SQL_MODE=@@SQL_MODE, SQL_MODE='NO_AUTO_VALUE_ON_ZERO' */;
/*!40111 SET @OLD_SQL_NOTES=@@SQL_NOTES, SQL_NOTES=0 */;

--
-- Current Database: `solsoft_DB`
--

/*!40000 DROP DATABASE IF EXISTS `solsoft_DB`*/;

CREATE DATABASE /*!32312 IF NOT EXISTS*/ `solsoft_DB` /*!40100 DEFAULT CHARACTER SET utf8 */;

USE `solsoft_DB`;

--
-- Table structure for table `alert`
--

DROP TABLE IF EXISTS `alert`;
/*!40101 SET @saved_cs_client     = @@character_set_client */;
/*!40101 SET character_set_client = utf8 */;
CREATE TABLE `alert` (
  `alertID` int(11) NOT NULL AUTO_INCREMENT,
  `orderID` int(11) NOT NULL,
  `description` varchar(45) DEFAULT NULL,
  `target` varchar(45) DEFAULT NULL,
  `account_no` varchar(45) NOT NULL,
  PRIMARY KEY (`alertID`),
  KEY `orderIDidx_idx` (`orderID`),
  KEY `accountNoidx_idx` (`account_no`),
  CONSTRAINT `accountNoidx` FOREIGN KEY (`account_no`) REFERENCES `customer` (`account_no`) ON DELETE NO ACTION ON UPDATE NO ACTION,
  CONSTRAINT `orderIDidx` FOREIGN KEY (`orderID`) REFERENCES `order_table` (`orderID`) ON DELETE NO ACTION ON UPDATE NO ACTION
) ENGINE=InnoDB DEFAULT CHARSET=utf8;
/*!40101 SET character_set_client = @saved_cs_client */;

--
-- Dumping data for table `alert`
--

LOCK TABLES `alert` WRITE;
/*!40000 ALTER TABLE `alert` DISABLE KEYS */;
/*!40000 ALTER TABLE `alert` ENABLE KEYS */;
UNLOCK TABLES;

--
-- Table structure for table `customer`
--

DROP TABLE IF EXISTS `customer`;
/*!40101 SET @saved_cs_client     = @@character_set_client */;
/*!40101 SET character_set_client = utf8 */;
CREATE TABLE `customer` (
  `account_no` varchar(45) NOT NULL,
  `forename` varchar(30) DEFAULT NULL,
  `surname` varchar(30) DEFAULT NULL,
  `account_holder_name` varchar(45) DEFAULT NULL,
  `title` varchar(45) DEFAULT NULL,
  `address1` varchar(20) DEFAULT NULL,
  `address2` varchar(20) DEFAULT NULL,
  `city` varchar(20) DEFAULT NULL,
  `region` varchar(20) DEFAULT NULL,
  `postcode` varchar(9) DEFAULT NULL,
  `phone` varchar(15) DEFAULT NULL,
  `email` varchar(45) DEFAULT NULL,
  `valued_customer` tinyint(1) DEFAULT NULL,
  `discount_type` varchar(45) DEFAULT NULL,
  `version` bigint(5) NOT NULL DEFAULT '0',
  PRIMARY KEY (`account_no`)
) ENGINE=InnoDB DEFAULT CHARSET=utf8;
/*!40101 SET character_set_client = @saved_cs_client */;

--
-- Dumping data for table `customer`
--

LOCK TABLES `customer` WRITE;
/*!40000 ALTER TABLE `customer` DISABLE KEYS */;
INSERT INTO `customer` VALUES ('ACC0001','David','Rhind','City, University of London (City)',NULL,'Northampton Square','','London','','EC1V 0HB','0207 040 8000','David.Rhind@city.ac.uk',1,'Fixed',0),('ACC0002','Alex','Wright','InfoPharma Ltd',NULL,'25 Bond Street','','London','','WC1V 8LS','0207 321 8001','Alex.Wright@infopharma.com',1,'Flexible',0),('ACC0003','Sarah','Brocklehurst','Hello Magazine',NULL,'12 Bond Street','','London','','WC1V 8NS','0203 456 7809','Sarah.Brocklehurst@hello.com',1,'Flexible',0),('ACC0004','Eva','Bauyer','Eva Bauyer',NULL,'1 Liverpool Street','','London','','EC2V 8NS','0208 555 8989','eva.bauyer@gmail.com',1,'Fixed',0);
/*!40000 ALTER TABLE `customer` ENABLE KEYS */;
UNLOCK TABLES;

--
-- Table structure for table `dicount_plan`
--

DROP TABLE IF EXISTS `dicount_plan`;
/*!40101 SET @saved_cs_client     = @@character_set_client */;
/*!40101 SET character_set_client = utf8 */;
CREATE TABLE `dicount_plan` (
  `dicount_planID` int(11) NOT NULL AUTO_INCREMENT,
  `taskID` int(11) NOT NULL,
  `rate` float DEFAULT '1',
  `account_no` varchar(45) NOT NULL,
  `is_flexible` tinyint(4) DEFAULT '0',
  `variable_rate` varchar(45) DEFAULT NULL,
  PRIMARY KEY (`dicount_planID`),
  KEY `account_noidx_idx` (`account_no`),
  KEY `taskIDidx_idx` (`taskID`),
  CONSTRAINT `account_noidx` FOREIGN KEY (`account_no`) REFERENCES `customer` (`account_no`) ON DELETE NO ACTION ON UPDATE NO ACTION,
  CONSTRAINT `taskIDidx` FOREIGN KEY (`taskID`) REFERENCES `task` (`taskID`) ON DELETE NO ACTION ON UPDATE NO ACTION
) ENGINE=InnoDB DEFAULT CHARSET=utf8;
/*!40101 SET character_set_client = @saved_cs_client */;

--
-- Dumping data for table `dicount_plan`
--

LOCK TABLES `dicount_plan` WRITE;
/*!40000 ALTER TABLE `dicount_plan` DISABLE KEYS */;
/*!40000 ALTER TABLE `dicount_plan` ENABLE KEYS */;
UNLOCK TABLES;

--
-- Table structure for table `job`
--

DROP TABLE IF EXISTS `job`;
/*!40101 SET @saved_cs_client     = @@character_set_client */;
/*!40101 SET character_set_client = utf8 */;
CREATE TABLE `job` (
  `code` varchar(10) NOT NULL,
  `job_description` varchar(45) DEFAULT NULL,
  `price` float DEFAULT NULL,
  `version` bigint(5) NOT NULL DEFAULT '0',
  PRIMARY KEY (`code`)
) ENGINE=InnoDB DEFAULT CHARSET=utf8;
/*!40101 SET character_set_client = @saved_cs_client */;

--
-- Dumping data for table `job`
--

LOCK TABLES `job` WRITE;
/*!40000 ALTER TABLE `job` DISABLE KEYS */;
INSERT INTO `job` VALUES ('ABN54','5 x 4 B& W copy negatives',19,0),('ACN54','5 x 4 Colour copy negatives',19,0),('ACT108 ','10 x 8 Colour copy transparency',96,0),('ACT35','35 mm Colour copy transparency',20,0),('B108 ','10 x 8 processing ',8.3,0),('C108','10 x 8 C41 processing',8.3,0);
/*!40000 ALTER TABLE `job` ENABLE KEYS */;
UNLOCK TABLES;

--
-- Table structure for table `job_line`
--

DROP TABLE IF EXISTS `job_line`;
/*!40101 SET @saved_cs_client     = @@character_set_client */;
/*!40101 SET character_set_client = utf8 */;
CREATE TABLE `job_line` (
  `job_lineID` int(11) NOT NULL AUTO_INCREMENT,
  `job_code` varchar(45) NOT NULL,
  `job_deadline` date DEFAULT NULL,
  `payment_detailID` varchar(45) DEFAULT NULL,
  `special_instructions` varchar(100) DEFAULT NULL,
  `reminder_status` varchar(20) DEFAULT NULL,
  `version` bigint(5) NOT NULL DEFAULT '0',
  `orderID` int(11) DEFAULT NULL,
  PRIMARY KEY (`job_lineID`),
  KEY `fk_job_line_job1_idx` (`job_code`),
  KEY `fk_job_line_payment_detail1_idx` (`payment_detailID`),
  KEY `orderID_idx` (`orderID`),
  CONSTRAINT `fk_job_line_job1` FOREIGN KEY (`job_code`) REFERENCES `job` (`code`) ON DELETE NO ACTION ON UPDATE NO ACTION,
  CONSTRAINT `fk_job_line_payment_detail1` FOREIGN KEY (`payment_detailID`) REFERENCES `payment_detail` (`payment_detailID`) ON DELETE NO ACTION ON UPDATE NO ACTION,
  CONSTRAINT `orderID` FOREIGN KEY (`orderID`) REFERENCES `order_table` (`orderID`) ON DELETE CASCADE ON UPDATE CASCADE
) ENGINE=InnoDB AUTO_INCREMENT=139 DEFAULT CHARSET=utf8;
/*!40101 SET character_set_client = @saved_cs_client */;

--
-- Dumping data for table `job_line`
--

LOCK TABLES `job_line` WRITE;
/*!40000 ALTER TABLE `job_line` DISABLE KEYS */;
INSERT INTO `job_line` VALUES (1,'ABN54','2018-01-14','1001',NULL,NULL,0,NULL),(2,'ACN54','2018-01-21','1002',NULL,NULL,0,NULL),(3,'ACT108','2018-01-24','1003',NULL,NULL,0,NULL),(4,'ABN54','2018-05-13',NULL,'Special Instructions',NULL,0,1005),(5,'ABN54','2018-05-13',NULL,'Special Instructions',NULL,0,1005),(6,'ACN54','2018-08-13',NULL,'Special Instructions',NULL,0,1006),(7,'ACN54','2018-08-13',NULL,'Special Instructions',NULL,0,1006),(8,'ACN54','2018-08-13',NULL,'Special Instructions',NULL,0,1006),(9,'ACN54','2018-08-13',NULL,'Special Instructions',NULL,0,1006),(10,'ACN54','2018-08-13',NULL,'Special Instructions',NULL,0,1006),(11,'ACN54','2018-08-13',NULL,'Special Instructions',NULL,0,1006),(12,'ACN54','2018-08-13',NULL,'Special Instructions',NULL,0,1006),(13,'ACN54','2018-09-07',NULL,'Do something',NULL,0,1007),(14,'ACT35','2018-09-07',NULL,'Do something',NULL,0,1007),(15,'ACN54','2018-09-07',NULL,'Do something',NULL,0,1007),(16,'ACT35','2018-09-07',NULL,'Do something',NULL,0,1007),(17,'ACN54','2018-09-07',NULL,'Do something',NULL,0,1007),(18,'ACT35','2018-09-07',NULL,'Do something',NULL,0,1007),(19,'ACT35','2018-09-07',NULL,'Do something',NULL,0,1007),(20,'ACT35','2018-09-07',NULL,'Do something',NULL,0,1007),(21,'ACT35','2018-09-07',NULL,'Do something',NULL,0,1007),(22,'ACT35','2018-09-07',NULL,'Do something',NULL,0,1007),(23,'ACT35','2018-09-07',NULL,'Do something',NULL,0,1007),(24,'ACN54','2018-09-07',NULL,'Do something',NULL,0,1007),(25,'ACN54','2018-09-07',NULL,'Do something',NULL,0,1007),(26,'ACT35','2018-09-13',NULL,'Special Instructions',NULL,0,1008),(27,'ABN54','2018-09-13',NULL,'Special Instructions',NULL,0,1008),(28,'B108','2018-09-13',NULL,'Special Instructions',NULL,0,1008),(29,'B108','2018-09-13',NULL,'Special Instructions',NULL,0,1008),(30,'B108','2018-09-13',NULL,'Special Instructions',NULL,0,1008),(31,'B108','2018-09-13',NULL,'Special Instructions',NULL,0,1008),(32,'B108','2018-09-13',NULL,'Special Instructions',NULL,0,1008),(33,'B108','2018-09-13',NULL,'Special Instructions',NULL,0,1008),(34,'B108','2018-09-13',NULL,'Special Instructions',NULL,0,1008),(35,'ABN54','2018-09-13',NULL,'Special Instructions',NULL,0,1008),(36,'B108','2018-09-13',NULL,'Special Instructions',NULL,0,1008),(37,'ACT35','2018-09-13',NULL,'Special Instructions',NULL,0,1008),(38,'ABN54','2018-09-13',NULL,'Special Instructions',NULL,0,1008),(39,'B108','2018-09-13',NULL,'Special Instructions',NULL,0,1008),(40,'ACT35','2018-09-13',NULL,'Special Instructions',NULL,0,1008),(41,'ACT35','2018-09-13',NULL,'Special Instructions',NULL,0,1008),(42,'ACT35','2018-09-13',NULL,'Special Instructions',NULL,0,1008),(43,'ABN54','2018-09-13',NULL,'Special Instructions',NULL,0,1008),(44,'ACT35','2018-09-13',NULL,'Special Instructions',NULL,0,1008),(45,'B108','2018-09-13',NULL,'Special Instructions',NULL,0,1008),(46,'ACT35','2018-09-13',NULL,'Special Instructions',NULL,0,1008),(47,'ACT35','2018-09-13',NULL,'Special Instructions',NULL,0,1008),(48,'B108','2018-09-13',NULL,'Special Instructions',NULL,0,1008),(49,'B108','2018-09-13',NULL,'Special Instructions',NULL,0,1008),(50,'B108','2018-09-13',NULL,'Special Instructions',NULL,0,1008),(51,'ACT35','2018-09-13',NULL,'Special Instructions',NULL,0,1008),(52,'B108','2018-09-13',NULL,'Special Instructions',NULL,0,1008),(53,'ABN54','2018-09-13',NULL,'Special Instructions',NULL,0,1008),(54,'ACT35','2018-09-13',NULL,'Special Instructions',NULL,0,1008),(55,'ACT35','2018-09-13',NULL,'Special Instructions',NULL,0,1008),(56,'B108','2018-09-13',NULL,'Special Instructions',NULL,0,1008),(57,'B108','2018-09-13',NULL,'Special Instructions',NULL,0,1008),(58,'B108','2018-07-18',NULL,'Special Instructions',NULL,0,1009),(59,'B108','2018-07-18',NULL,'Special Instructions',NULL,0,1009),(60,'B108','2018-07-18',NULL,'Special Instructions',NULL,0,1009),(61,'ABN54','2018-07-18',NULL,'Special Instructions',NULL,0,1009),(62,'ABN54','2018-07-18',NULL,'Special Instructions',NULL,0,1009),(63,'B108','2018-07-18',NULL,'Special Instructions',NULL,0,1009),(64,'B108','2018-07-18',NULL,'Special Instructions',NULL,0,1009),(65,'B108','2018-07-18',NULL,'Special Instructions',NULL,0,1009),(66,'B108','2018-07-18',NULL,'Special Instructions',NULL,0,1009),(67,'B108','2018-07-18',NULL,'Special Instructions',NULL,0,1009),(68,'B108','2018-07-18',NULL,'Special Instructions',NULL,0,1009),(69,'B108','2018-07-18',NULL,'Special Instructions',NULL,0,1009),(70,'B108','2018-07-18',NULL,'Special Instructions',NULL,0,1009),(71,'B108','2018-07-18',NULL,'Special Instructions',NULL,0,1009),(72,'B108','2018-07-18',NULL,'Special Instructions',NULL,0,1009),(73,'B108','2018-07-18',NULL,'Special Instructions',NULL,0,1009),(74,'B108','2018-07-18',NULL,'Special Instructions',NULL,0,1009),(75,'B108','2018-07-18',NULL,'Special Instructions',NULL,0,1009),(76,'ACT108','2018-07-18',NULL,'Special Instructions',NULL,0,1009),(77,'B108','2018-07-18',NULL,'Special Instructions',NULL,0,1009),(78,'ABN54','2018-07-18',NULL,'Special Instructions',NULL,0,1009),(79,'ACT108','2018-07-18',NULL,'Special Instructions',NULL,0,1009),(80,'B108','2018-07-18',NULL,'Special Instructions',NULL,0,1009),(81,'B108','2018-07-18',NULL,'Special Instructions',NULL,0,1009),(82,'B108','2018-07-18',NULL,'Special Instructions',NULL,0,1009),(83,'B108','2018-07-18',NULL,'Special Instructions',NULL,0,1009),(84,'B108','2018-07-18',NULL,'Special Instructions',NULL,0,1009),(85,'ACT108','2018-07-18',NULL,'Special Instructions',NULL,0,1009),(86,'B108','2018-07-18',NULL,'Special Instructions',NULL,0,1009),(87,'B108','2018-07-18',NULL,'Special Instructions',NULL,0,1009),(88,'B108','2018-07-18',NULL,'Special Instructions',NULL,0,1009),(89,'B108','2018-07-18',NULL,'Special Instructions',NULL,0,1009),(90,'B108','2018-07-18',NULL,'Special Instructions',NULL,0,1009),(91,'B108','2018-07-18',NULL,'Special Instructions',NULL,0,1009),(92,'ACT108','2018-07-18',NULL,'Special Instructions',NULL,0,1009),(93,'B108','2018-07-18',NULL,'Special Instructions',NULL,0,1009),(94,'B108','2018-07-18',NULL,'Special Instructions',NULL,0,1009),(95,'B108','2018-07-18',NULL,'Special Instructions',NULL,0,1009),(96,'B108','2018-07-18',NULL,'Special Instructions',NULL,0,1009),(97,'B108','2018-07-18',NULL,'Special Instructions',NULL,0,1009),(98,'B108','2018-07-18',NULL,'Special Instructions',NULL,0,1009),(99,'ACT108','2018-07-18',NULL,'Special Instructions',NULL,0,1009),(100,'B108','2018-07-18',NULL,'Special Instructions',NULL,0,1009),(101,'B108','2018-07-18',NULL,'Special Instructions',NULL,0,1009),(102,'B108','2018-07-18',NULL,'Special Instructions',NULL,0,1009),(103,'B108','2018-07-18',NULL,'Special Instructions',NULL,0,1009),(104,'B108','2018-07-18',NULL,'Special Instructions',NULL,0,1009),(105,'B108','2018-07-18',NULL,'Special Instructions',NULL,0,1009),(106,'B108','2018-07-18',NULL,'Special Instructions',NULL,0,1009),(107,'B108','2018-07-18',NULL,'Special Instructions',NULL,0,1009),(108,'B108','2018-07-18',NULL,'Special Instructions',NULL,0,1009),(109,'B108','2018-07-18',NULL,'Special Instructions',NULL,0,1009),(110,'B108','2018-07-18',NULL,'Special Instructions',NULL,0,1009),(111,'B108','2018-07-18',NULL,'Special Instructions',NULL,0,1009),(112,'B108','2018-07-18',NULL,'Special Instructions',NULL,0,1009),(113,'ACT108','2018-07-18',NULL,'Special Instructions',NULL,0,1009),(114,'B108','2018-07-18',NULL,'Special Instructions',NULL,0,1009),(115,'B108','2018-07-18',NULL,'Special Instructions',NULL,0,1009),(116,'B108','2018-07-18',NULL,'Special Instructions',NULL,0,1009),(117,'B108','2018-07-18',NULL,'Special Instructions',NULL,0,1009),(118,'ABN54','2018-07-18',NULL,'Special Instructions',NULL,0,1009),(119,'B108','2018-07-18',NULL,'Special Instructions',NULL,0,1009),(120,'B108','2018-07-18',NULL,'Special Instructions',NULL,0,1009),(121,'B108','2018-07-18',NULL,'Special Instructions',NULL,0,1009),(122,'B108','2018-07-18',NULL,'Special Instructions',NULL,0,1009),(123,'B108','2018-07-18',NULL,'Special Instructions',NULL,0,1009),(124,'ACT108','2018-07-18',NULL,'Special Instructions',NULL,0,1009),(125,'B108','2018-07-18',NULL,'Special Instructions',NULL,0,1009),(126,'B108','2018-07-18',NULL,'Special Instructions',NULL,0,1009),(127,'B108','2018-07-18',NULL,'Special Instructions',NULL,0,1009),(128,'B108','2018-07-18',NULL,'Special Instructions',NULL,0,1009),(129,'ACN54','2018-07-06',NULL,'Testing',NULL,0,1010),(130,'ACN54','2018-07-06',NULL,'Testing',NULL,0,1010),(131,'ACT108','2018-07-06',NULL,'Testing',NULL,0,1010),(132,'ACT108','2018-07-06',NULL,'Testing',NULL,0,1010),(133,'ACT108','2018-07-06',NULL,'Testing',NULL,0,1010),(134,'ACN54','2018-07-06',NULL,'Testing',NULL,0,1010),(135,'ACT108','2018-07-06',NULL,'Testing',NULL,0,1010),(136,'ACT108','2018-07-06',NULL,'Testing',NULL,0,1010),(137,'ACT108','2018-07-06',NULL,'Testing',NULL,0,1010),(138,'ACN54','2018-07-06',NULL,'Testing',NULL,0,1010);
/*!40000 ALTER TABLE `job_line` ENABLE KEYS */;
UNLOCK TABLES;

--
-- Table structure for table `order_table`
--

DROP TABLE IF EXISTS `order_table`;
/*!40101 SET @saved_cs_client     = @@character_set_client */;
/*!40101 SET character_set_client = utf8 */;
CREATE TABLE `order_table` (
  `orderID` int(11) NOT NULL AUTO_INCREMENT,
  `account_no` varchar(45) DEFAULT NULL,
  `total_price` float DEFAULT NULL,
  `payment_status` varchar(20) DEFAULT NULL,
  `date_submitted` date DEFAULT NULL,
  `version` bigint(5) NOT NULL DEFAULT '0',
  PRIMARY KEY (`orderID`),
  KEY `fk_Order_Customer1_idx` (`account_no`),
  CONSTRAINT `fk_Order_Customer1` FOREIGN KEY (`account_no`) REFERENCES `customer` (`account_no`) ON DELETE NO ACTION ON UPDATE NO ACTION
) ENGINE=InnoDB AUTO_INCREMENT=1011 DEFAULT CHARSET=utf8;
/*!40101 SET character_set_client = @saved_cs_client */;

--
-- Dumping data for table `order_table`
--

LOCK TABLES `order_table` WRITE;
/*!40000 ALTER TABLE `order_table` DISABLE KEYS */;
INSERT INTO `order_table` VALUES (1001,'ACC0001',NULL,NULL,'2018-01-14',0),(1002,'ACC0001',NULL,NULL,'2018-01-14',0),(1003,'ACC0001',NULL,NULL,'2018-01-14',0),(1005,NULL,38,NULL,'2018-04-11',0),(1006,NULL,266,NULL,'2018-04-12',0),(1007,NULL,510,NULL,'2018-04-12',0),(1008,NULL,3702,NULL,'2018-04-12',0),(1009,NULL,2492,NULL,'2018-04-12',0),(1010,NULL,1304,NULL,'2018-04-12',0);
/*!40000 ALTER TABLE `order_table` ENABLE KEYS */;
UNLOCK TABLES;

--
-- Table structure for table `payment_detail`
--

DROP TABLE IF EXISTS `payment_detail`;
/*!40101 SET @saved_cs_client     = @@character_set_client */;
/*!40101 SET character_set_client = utf8 */;
CREATE TABLE `payment_detail` (
  `payment_detailID` varchar(45) NOT NULL,
  `expiry_date` date DEFAULT NULL,
  `type` varchar(10) DEFAULT NULL,
  `last4digits` varchar(4) DEFAULT NULL,
  `version` bigint(5) NOT NULL DEFAULT '0',
  `orderID` int(11) DEFAULT NULL,
  `amount` float DEFAULT NULL,
  PRIMARY KEY (`payment_detailID`),
  KEY `orderid_idx` (`orderID`)
) ENGINE=InnoDB DEFAULT CHARSET=utf8;
/*!40101 SET character_set_client = @saved_cs_client */;

--
-- Dumping data for table `payment_detail`
--

LOCK TABLES `payment_detail` WRITE;
/*!40000 ALTER TABLE `payment_detail` DISABLE KEYS */;
INSERT INTO `payment_detail` VALUES ('1001','2018-01-14','cash','4444',0,NULL,NULL),('1002','2018-01-14','cash','4444',0,NULL,NULL),('1003','2018-01-14','cash','4444',0,NULL,NULL);
/*!40000 ALTER TABLE `payment_detail` ENABLE KEYS */;
UNLOCK TABLES;

--
-- Table structure for table `staff`
--

DROP TABLE IF EXISTS `staff`;
/*!40101 SET @saved_cs_client     = @@character_set_client */;
/*!40101 SET character_set_client = utf8 */;
CREATE TABLE `staff` (
  `username` varchar(20) NOT NULL,
  `password` varchar(20) NOT NULL,
  `forename` varchar(30) DEFAULT NULL,
  `surname` varchar(30) DEFAULT NULL,
  `role` varchar(20) DEFAULT NULL,
  `version` bigint(5) NOT NULL DEFAULT '0',
  `logged_on` tinyint(1) DEFAULT NULL,
  PRIMARY KEY (`username`)
) ENGINE=InnoDB DEFAULT CHARSET=utf8;
/*!40101 SET character_set_client = @saved_cs_client */;

--
-- Dumping data for table `staff`
--

LOCK TABLES `staff` WRITE;
/*!40000 ALTER TABLE `staff` DISABLE KEYS */;
INSERT INTO `staff` VALUES ('Accountant','jPasswordField1','Clark','Kent','Technician',1,0),('Clerk','Paperwork','Julie','Abbot','Shift Manager',0,0),('Copy','Too_dark','John','Hash','Technician',0,0),('dannyboy123','password','Dan','Peters','Receptionist',1,NULL),('DavidB','jPasswordField1','David','Beckman','Shift Manager',2,NULL),('Development','Lot_smell','Lee','Hong','Technician',0,0),('Finish','Fine_touch','Bruce','Wayne','Technician',0,0),('Hello','Hello_there','Tony','Stank','Receptionist',0,0),('juan22','password','juan','juan','Technician',1,NULL),('Manager','Get_it_done','Stewart','Pask','Office Manager',0,0),('Packer','Pack_it','Marina','Scott','Technician',0,0),('smbagwu','password','Sylvie','Mbagwu','Office Manager',3,NULL);
/*!40000 ALTER TABLE `staff` ENABLE KEYS */;
UNLOCK TABLES;

--
-- Table structure for table `task`
--

DROP TABLE IF EXISTS `task`;
/*!40101 SET @saved_cs_client     = @@character_set_client */;
/*!40101 SET character_set_client = utf8 */;
CREATE TABLE `task` (
  `taskID` int(11) NOT NULL,
  `description` varchar(45) DEFAULT NULL,
  `department` varchar(45) DEFAULT NULL,
  `price` float DEFAULT NULL,
  `expected_duration` int(11) DEFAULT NULL,
  `version` bigint(5) unsigned NOT NULL DEFAULT '0',
  PRIMARY KEY (`taskID`)
) ENGINE=InnoDB DEFAULT CHARSET=utf8;
/*!40101 SET character_set_client = @saved_cs_client */;

--
-- Dumping data for table `task`
--

LOCK TABLES `task` WRITE;
/*!40000 ALTER TABLE `task` DISABLE KEYS */;
INSERT INTO `task` VALUES (1,'Use of large copy Camera','Copy Room',19,120,0),(2,'Black and white film processing','Development Area',49.5,60,0),(3,'Bag up','Packing Departments',6,30,0),(4,'Colour filme processing','Development Area',80,90,0),(5,'Colour Transparency processing','Development Area',110.3,180,0),(6,'Use of small copy camera','Copy Room',8.3,75,0),(7,'Mount Transparencies','Finishing Room',55.5,45,0);
/*!40000 ALTER TABLE `task` ENABLE KEYS */;
UNLOCK TABLES;

--
-- Table structure for table `task_line`
--

DROP TABLE IF EXISTS `task_line`;
/*!40101 SET @saved_cs_client     = @@character_set_client */;
/*!40101 SET character_set_client = utf8 */;
CREATE TABLE `task_line` (
  `task_lineID` int(11) NOT NULL AUTO_INCREMENT,
  `taskID` int(11) NOT NULL,
  `start_time` datetime DEFAULT NULL,
  `end_time` datetime DEFAULT NULL,
  `completed_by` varchar(45) DEFAULT NULL,
  `shelf` varchar(10) DEFAULT NULL,
  `version` bigint(5) NOT NULL DEFAULT '0',
  `job_lineID` int(11) DEFAULT NULL,
  `price` float DEFAULT NULL,
  PRIMARY KEY (`task_lineID`),
  KEY `fk_Job_line_Task1_idx` (`taskID`),
  KEY `fk_Job_line_Staff1_idx` (`completed_by`),
  KEY `job_lineID_idx` (`job_lineID`),
  CONSTRAINT `fk_Job_line_Staff1` FOREIGN KEY (`completed_by`) REFERENCES `staff` (`username`) ON DELETE NO ACTION ON UPDATE NO ACTION,
  CONSTRAINT `fk_Job_line_Task1` FOREIGN KEY (`taskID`) REFERENCES `task` (`taskID`) ON DELETE NO ACTION ON UPDATE NO ACTION,
  CONSTRAINT `job_lineID` FOREIGN KEY (`job_lineID`) REFERENCES `job_line` (`job_lineID`) ON DELETE CASCADE ON UPDATE CASCADE
) ENGINE=InnoDB AUTO_INCREMENT=362 DEFAULT CHARSET=utf8;
/*!40101 SET character_set_client = @saved_cs_client */;

--
-- Dumping data for table `task_line`
--

LOCK TABLES `task_line` WRITE;
/*!40000 ALTER TABLE `task_line` DISABLE KEYS */;
INSERT INTO `task_line` VALUES (1,1,'2018-01-12 12:00:00','2018-01-12 12:20:00','Copy','CR205',0,1,NULL),(2,2,'2018-01-12 12:30:00','2018-01-12 13:10:00','Development','DR42',0,1,NULL),(3,3,'2018-01-12 13:20:00','2018-01-12 13:30:00','Packer','PK102',0,1,NULL),(4,1,'2018-01-12 12:20:00','2018-01-12 12:55:00','Copy','CR143',0,1,NULL),(5,4,'2018-01-12 13:10:00','2018-01-13 03:50:00','Development','DR31',0,1,NULL),(6,3,'2018-01-12 14:00:00','2018-01-12 14:10:00','Clerk','PK100',0,1,NULL),(7,1,'2018-01-12 13:30:00','2018-01-12 15:30:00','Copy','CR120',0,1,NULL),(8,5,'2018-01-12 14:40:00','2018-01-12 15:10:00','Development','DR32',0,1,NULL),(9,3,'2018-01-12 15:20:00','2018-01-12 15:30:00','Packer','PK101',0,1,NULL),(10,3,'2018-01-12 16:20:00','2018-01-12 16:30:00','Packer','PK101',0,1,NULL),(11,3,'2018-01-13 15:20:00','2018-01-13 15:30:00','Packer','PK101',0,1,NULL),(12,3,'2018-01-14 15:20:00','2018-01-14 15:30:00','Packer','PK101',0,1,NULL),(13,3,'2018-01-15 15:20:00','2018-01-15 15:30:00','Packer','PK101',0,1,NULL),(14,3,'2018-01-16 15:20:00','2018-01-16 15:30:00','Packer','PK101',0,1,NULL),(15,3,'2018-01-17 15:20:00','2018-01-17 15:30:00','Packer','PK101',0,1,NULL),(16,3,'2018-01-18 15:20:00','2018-01-18 15:30:00','Packer','PK101',0,1,NULL),(17,3,'2018-01-19 15:20:00','2018-01-19 15:30:00','Packer','PK101',0,1,NULL),(18,3,'2018-01-20 15:20:00','2018-01-20 15:30:00','Packer','PK101',0,1,NULL),(19,3,'2018-02-12 15:20:00','2018-02-12 15:30:00','Packer','PK101',0,1,NULL),(20,3,'2018-03-12 15:20:00','2018-03-12 15:30:00','Packer','PK101',0,1,NULL),(21,3,'2018-03-22 15:20:00','2018-03-22 15:30:00','Packer','PK101',0,1,NULL),(22,3,'2018-03-13 15:20:00','2018-03-13 15:30:00','Packer','PK101',0,2,NULL),(23,3,'2018-03-15 15:20:00','2018-03-15 15:30:00','Packer','PK101',0,2,NULL),(24,3,'2018-03-16 15:20:00','2018-03-16 15:30:00','Packer','PK101',0,2,NULL),(25,3,'2018-03-17 15:20:00','2018-03-17 15:30:00','Packer','PK101',0,2,NULL),(26,3,'2018-03-18 15:20:00','2018-03-18 15:30:00','Packer','PK101',0,2,NULL),(27,3,'2018-03-19 15:20:00','2018-03-19 15:30:00','Packer','PK101',0,2,NULL),(28,5,'2018-01-13 14:40:00','2018-01-13 15:10:00','Development','DR32',0,2,NULL),(29,4,'2018-01-13 13:10:00','2018-01-13 13:50:00','Development','DR31',0,2,NULL),(30,7,'2018-01-13 15:24:00','2018-01-13 17:30:00','Finish','FR101',0,2,NULL),(31,7,'2018-01-13 12:24:00','2018-01-13 15:30:00','Finish','FR101',0,2,NULL),(32,7,'2018-01-13 11:24:00','2018-01-13 21:30:00','Finish','FR101',0,2,NULL),(33,1,NULL,NULL,NULL,NULL,0,2,NULL),(34,2,NULL,NULL,NULL,NULL,0,4,NULL),(35,3,NULL,NULL,NULL,NULL,0,5,NULL),(36,1,NULL,NULL,NULL,NULL,0,4,NULL),(37,2,NULL,NULL,NULL,NULL,0,5,NULL),(38,3,NULL,NULL,NULL,NULL,0,4,NULL),(39,1,NULL,NULL,NULL,NULL,0,7,NULL),(40,3,NULL,NULL,NULL,NULL,0,8,NULL),(41,1,NULL,NULL,NULL,NULL,0,9,NULL),(42,3,NULL,NULL,NULL,NULL,0,12,NULL),(43,1,NULL,NULL,NULL,NULL,0,10,NULL),(44,4,NULL,NULL,NULL,NULL,0,10,NULL),(45,1,NULL,NULL,NULL,NULL,0,6,NULL),(46,4,NULL,NULL,NULL,NULL,0,11,NULL),(47,4,NULL,NULL,NULL,NULL,0,12,NULL),(48,4,NULL,NULL,NULL,NULL,0,8,NULL),(49,4,NULL,NULL,NULL,NULL,0,7,NULL),(50,1,NULL,NULL,NULL,NULL,0,12,NULL),(51,3,NULL,NULL,NULL,NULL,0,10,NULL),(52,3,NULL,NULL,NULL,NULL,0,6,NULL),(53,1,NULL,NULL,NULL,NULL,0,8,NULL),(54,4,NULL,NULL,NULL,NULL,0,9,NULL),(55,3,NULL,NULL,NULL,NULL,0,7,NULL),(56,1,NULL,NULL,NULL,NULL,0,11,NULL),(57,3,NULL,NULL,NULL,NULL,0,11,NULL),(58,4,NULL,NULL,NULL,NULL,0,6,NULL),(59,3,NULL,NULL,NULL,NULL,0,9,NULL),(60,1,NULL,NULL,NULL,NULL,0,25,NULL),(61,6,NULL,NULL,NULL,NULL,0,23,NULL),(62,7,NULL,NULL,NULL,NULL,0,16,NULL),(63,3,NULL,NULL,NULL,NULL,0,25,NULL),(64,5,NULL,NULL,NULL,NULL,0,16,NULL),(65,1,NULL,NULL,NULL,NULL,0,17,NULL),(66,4,NULL,NULL,NULL,NULL,0,13,NULL),(67,3,NULL,NULL,NULL,NULL,0,17,NULL),(68,5,NULL,NULL,NULL,NULL,0,20,NULL),(69,6,NULL,NULL,NULL,NULL,0,19,NULL),(70,1,NULL,NULL,NULL,NULL,0,15,NULL),(71,6,NULL,NULL,NULL,NULL,0,18,NULL),(72,7,NULL,NULL,NULL,NULL,0,14,NULL),(73,7,NULL,NULL,NULL,NULL,0,20,NULL),(74,5,NULL,NULL,NULL,NULL,0,23,NULL),(75,5,NULL,NULL,NULL,NULL,0,19,NULL),(76,4,NULL,NULL,NULL,NULL,0,25,NULL),(77,6,NULL,NULL,NULL,NULL,0,16,NULL),(78,4,NULL,NULL,NULL,NULL,0,17,NULL),(79,6,NULL,NULL,NULL,NULL,0,21,NULL),(80,5,NULL,NULL,NULL,NULL,0,22,NULL),(81,7,NULL,NULL,NULL,NULL,0,21,NULL),(82,1,NULL,NULL,NULL,NULL,0,24,NULL),(83,7,NULL,NULL,NULL,NULL,0,18,NULL),(84,4,NULL,NULL,NULL,NULL,0,15,NULL),(85,7,NULL,NULL,NULL,NULL,0,23,NULL),(86,7,NULL,NULL,NULL,NULL,0,19,NULL),(87,4,NULL,NULL,NULL,NULL,0,24,NULL),(88,5,NULL,NULL,NULL,NULL,0,14,NULL),(89,3,NULL,NULL,NULL,NULL,0,15,NULL),(90,7,NULL,NULL,NULL,NULL,0,22,NULL),(91,3,NULL,NULL,NULL,NULL,0,13,NULL),(92,5,NULL,NULL,NULL,NULL,0,21,NULL),(93,5,NULL,NULL,NULL,NULL,0,18,NULL),(94,6,NULL,NULL,NULL,NULL,0,22,NULL),(95,1,NULL,NULL,NULL,NULL,0,13,NULL),(96,6,NULL,NULL,NULL,NULL,0,20,NULL),(97,6,NULL,NULL,NULL,NULL,0,14,NULL),(98,3,NULL,NULL,NULL,NULL,0,24,NULL),(99,7,NULL,NULL,NULL,NULL,0,46,NULL),(100,6,NULL,NULL,NULL,NULL,0,54,NULL),(101,2,NULL,NULL,NULL,NULL,0,33,NULL),(102,2,NULL,NULL,NULL,NULL,0,34,NULL),(103,6,NULL,NULL,NULL,NULL,0,44,NULL),(104,2,NULL,NULL,NULL,NULL,0,39,NULL),(105,2,NULL,NULL,NULL,NULL,0,32,NULL),(106,7,NULL,NULL,NULL,NULL,0,47,NULL),(107,5,NULL,NULL,NULL,NULL,0,47,NULL),(108,5,NULL,NULL,NULL,NULL,0,55,NULL),(109,3,NULL,NULL,NULL,NULL,0,57,NULL),(110,3,NULL,NULL,NULL,NULL,0,33,NULL),(111,3,NULL,NULL,NULL,NULL,0,30,NULL),(112,2,NULL,NULL,NULL,NULL,0,57,NULL),(113,2,NULL,NULL,NULL,NULL,0,38,NULL),(114,3,NULL,NULL,NULL,NULL,0,48,NULL),(115,2,NULL,NULL,NULL,NULL,0,48,NULL),(116,3,NULL,NULL,NULL,NULL,0,50,NULL),(117,2,NULL,NULL,NULL,NULL,0,53,NULL),(118,3,NULL,NULL,NULL,NULL,0,39,NULL),(119,2,NULL,NULL,NULL,NULL,0,45,NULL),(120,5,NULL,NULL,NULL,NULL,0,46,NULL),(121,3,NULL,NULL,NULL,NULL,0,56,NULL),(122,3,NULL,NULL,NULL,NULL,0,31,NULL),(123,3,NULL,NULL,NULL,NULL,0,27,NULL),(124,7,NULL,NULL,NULL,NULL,0,41,NULL),(125,3,NULL,NULL,NULL,NULL,0,29,NULL),(126,2,NULL,NULL,NULL,NULL,0,30,NULL),(127,5,NULL,NULL,NULL,NULL,0,54,NULL),(128,3,NULL,NULL,NULL,NULL,0,49,NULL),(129,6,NULL,NULL,NULL,NULL,0,37,NULL),(130,5,NULL,NULL,NULL,NULL,0,26,NULL),(131,7,NULL,NULL,NULL,NULL,0,26,NULL),(132,7,NULL,NULL,NULL,NULL,0,42,NULL),(133,2,NULL,NULL,NULL,NULL,0,50,NULL),(134,2,NULL,NULL,NULL,NULL,0,29,NULL),(135,5,NULL,NULL,NULL,NULL,0,44,NULL),(136,5,NULL,NULL,NULL,NULL,0,42,NULL),(137,6,NULL,NULL,NULL,NULL,0,47,NULL),(138,6,NULL,NULL,NULL,NULL,0,41,NULL),(139,2,NULL,NULL,NULL,NULL,0,56,NULL),(140,3,NULL,NULL,NULL,NULL,0,43,NULL),(141,1,NULL,NULL,NULL,NULL,0,53,NULL),(142,3,NULL,NULL,NULL,NULL,0,28,NULL),(143,6,NULL,NULL,NULL,NULL,0,26,NULL),(144,6,NULL,NULL,NULL,NULL,0,51,NULL),(145,6,NULL,NULL,NULL,NULL,0,40,NULL),(146,7,NULL,NULL,NULL,NULL,0,51,NULL),(147,1,NULL,NULL,NULL,NULL,0,35,NULL),(148,2,NULL,NULL,NULL,NULL,0,31,NULL),(149,1,NULL,NULL,NULL,NULL,0,27,NULL),(150,3,NULL,NULL,NULL,NULL,0,52,NULL),(151,7,NULL,NULL,NULL,NULL,0,37,NULL),(152,2,NULL,NULL,NULL,NULL,0,35,NULL),(153,7,NULL,NULL,NULL,NULL,0,54,NULL),(154,3,NULL,NULL,NULL,NULL,0,34,NULL),(155,7,NULL,NULL,NULL,NULL,0,44,NULL),(156,2,NULL,NULL,NULL,NULL,0,36,NULL),(157,2,NULL,NULL,NULL,NULL,0,28,NULL),(158,5,NULL,NULL,NULL,NULL,0,40,NULL),(159,2,NULL,NULL,NULL,NULL,0,27,NULL),(160,5,NULL,NULL,NULL,NULL,0,37,NULL),(161,6,NULL,NULL,NULL,NULL,0,42,NULL),(162,7,NULL,NULL,NULL,NULL,0,55,NULL),(163,3,NULL,NULL,NULL,NULL,0,36,NULL),(164,5,NULL,NULL,NULL,NULL,0,51,NULL),(165,3,NULL,NULL,NULL,NULL,0,45,NULL),(166,1,NULL,NULL,NULL,NULL,0,43,NULL),(167,2,NULL,NULL,NULL,NULL,0,49,NULL),(168,2,NULL,NULL,NULL,NULL,0,43,NULL),(169,2,NULL,NULL,NULL,NULL,0,52,NULL),(170,3,NULL,NULL,NULL,NULL,0,38,NULL),(171,3,NULL,NULL,NULL,NULL,0,32,NULL),(172,6,NULL,NULL,NULL,NULL,0,55,NULL),(173,7,NULL,NULL,NULL,NULL,0,40,NULL),(174,1,NULL,NULL,NULL,NULL,0,38,NULL),(175,3,NULL,NULL,NULL,NULL,0,53,NULL),(176,6,NULL,NULL,NULL,NULL,0,46,NULL),(177,5,NULL,NULL,NULL,NULL,0,41,NULL),(178,3,NULL,NULL,NULL,NULL,0,35,NULL),(179,2,NULL,NULL,NULL,NULL,0,60,NULL),(180,3,NULL,NULL,NULL,NULL,0,101,NULL),(181,3,NULL,NULL,NULL,NULL,0,119,NULL),(182,3,NULL,NULL,NULL,NULL,0,103,NULL),(183,3,NULL,NULL,NULL,NULL,0,99,NULL),(184,2,NULL,NULL,NULL,NULL,0,115,NULL),(185,2,NULL,NULL,NULL,NULL,0,81,NULL),(186,3,NULL,NULL,NULL,NULL,0,120,NULL),(187,3,NULL,NULL,NULL,NULL,0,66,NULL),(188,2,NULL,NULL,NULL,NULL,0,66,NULL),(189,2,NULL,NULL,NULL,NULL,0,96,NULL),(190,2,NULL,NULL,NULL,NULL,0,71,NULL),(191,3,NULL,NULL,NULL,NULL,0,62,NULL),(192,3,NULL,NULL,NULL,NULL,0,112,NULL),(193,2,NULL,NULL,NULL,NULL,0,120,NULL),(194,2,NULL,NULL,NULL,NULL,0,127,NULL),(195,2,NULL,NULL,NULL,NULL,0,107,NULL),(196,3,NULL,NULL,NULL,NULL,0,78,NULL),(197,2,NULL,NULL,NULL,NULL,0,86,NULL),(198,1,NULL,NULL,NULL,NULL,0,78,NULL),(199,3,NULL,NULL,NULL,NULL,0,126,NULL),(200,2,NULL,NULL,NULL,NULL,0,58,NULL),(201,1,NULL,NULL,NULL,NULL,0,79,NULL),(202,3,NULL,NULL,NULL,NULL,0,60,NULL),(203,2,NULL,NULL,NULL,NULL,0,83,NULL),(204,3,NULL,NULL,NULL,NULL,0,127,NULL),(205,2,NULL,NULL,NULL,NULL,0,77,NULL),(206,2,NULL,NULL,NULL,NULL,0,67,NULL),(207,2,NULL,NULL,NULL,NULL,0,114,NULL),(208,2,NULL,NULL,NULL,NULL,0,128,NULL),(209,2,NULL,NULL,NULL,NULL,0,84,NULL),(210,3,NULL,NULL,NULL,NULL,0,80,NULL),(211,2,NULL,NULL,NULL,NULL,0,118,NULL),(212,3,NULL,NULL,NULL,NULL,0,117,NULL),(213,2,NULL,NULL,NULL,NULL,0,64,NULL),(214,3,NULL,NULL,NULL,NULL,0,122,NULL),(215,3,NULL,NULL,NULL,NULL,0,104,NULL),(216,2,NULL,NULL,NULL,NULL,0,111,NULL),(217,2,NULL,NULL,NULL,NULL,0,125,NULL),(218,3,NULL,NULL,NULL,NULL,0,115,NULL),(219,3,NULL,NULL,NULL,NULL,0,88,NULL),(220,3,NULL,NULL,NULL,NULL,0,71,NULL),(221,3,NULL,NULL,NULL,NULL,0,65,NULL),(222,3,NULL,NULL,NULL,NULL,0,123,NULL),(223,2,NULL,NULL,NULL,NULL,0,69,NULL),(224,1,NULL,NULL,NULL,NULL,0,76,NULL),(225,3,NULL,NULL,NULL,NULL,0,74,NULL),(226,3,NULL,NULL,NULL,NULL,0,84,NULL),(227,2,NULL,NULL,NULL,NULL,0,63,NULL),(228,5,NULL,NULL,NULL,NULL,0,124,NULL),(229,2,NULL,NULL,NULL,NULL,0,78,NULL),(230,3,NULL,NULL,NULL,NULL,0,125,NULL),(231,3,NULL,NULL,NULL,NULL,0,91,NULL),(232,2,NULL,NULL,NULL,NULL,0,103,NULL),(233,3,NULL,NULL,NULL,NULL,0,81,NULL),(234,1,NULL,NULL,NULL,NULL,0,85,NULL),(235,3,NULL,NULL,NULL,NULL,0,95,NULL),(236,2,NULL,NULL,NULL,NULL,0,112,NULL),(237,1,NULL,NULL,NULL,NULL,0,92,NULL),(238,2,NULL,NULL,NULL,NULL,0,87,NULL),(239,2,NULL,NULL,NULL,NULL,0,65,NULL),(240,3,NULL,NULL,NULL,NULL,0,87,NULL),(241,2,NULL,NULL,NULL,NULL,0,93,NULL),(242,5,NULL,NULL,NULL,NULL,0,85,NULL),(243,5,NULL,NULL,NULL,NULL,0,113,NULL),(244,2,NULL,NULL,NULL,NULL,0,102,NULL),(245,2,NULL,NULL,NULL,NULL,0,119,NULL),(246,2,NULL,NULL,NULL,NULL,0,100,NULL),(247,3,NULL,NULL,NULL,NULL,0,70,NULL),(248,2,NULL,NULL,NULL,NULL,0,110,NULL),(249,3,NULL,NULL,NULL,NULL,0,61,NULL),(250,3,NULL,NULL,NULL,NULL,0,110,NULL),(251,2,NULL,NULL,NULL,NULL,0,97,NULL),(252,3,NULL,NULL,NULL,NULL,0,86,NULL),(253,3,NULL,NULL,NULL,NULL,0,59,NULL),(254,3,NULL,NULL,NULL,NULL,0,82,NULL),(255,1,NULL,NULL,NULL,NULL,0,118,NULL),(256,3,NULL,NULL,NULL,NULL,0,107,NULL),(257,2,NULL,NULL,NULL,NULL,0,91,NULL),(258,2,NULL,NULL,NULL,NULL,0,106,NULL),(259,3,NULL,NULL,NULL,NULL,0,116,NULL),(260,2,NULL,NULL,NULL,NULL,0,105,NULL),(261,3,NULL,NULL,NULL,NULL,0,111,NULL),(262,3,NULL,NULL,NULL,NULL,0,128,NULL),(263,3,NULL,NULL,NULL,NULL,0,79,NULL),(264,3,NULL,NULL,NULL,NULL,0,105,NULL),(265,2,NULL,NULL,NULL,NULL,0,74,NULL),(266,3,NULL,NULL,NULL,NULL,0,98,NULL),(267,3,NULL,NULL,NULL,NULL,0,64,NULL),(268,1,NULL,NULL,NULL,NULL,0,124,NULL),(269,3,NULL,NULL,NULL,NULL,0,92,NULL),(270,3,NULL,NULL,NULL,NULL,0,73,NULL),(271,3,NULL,NULL,NULL,NULL,0,97,NULL),(272,1,NULL,NULL,NULL,NULL,0,61,NULL),(273,2,NULL,NULL,NULL,NULL,0,95,NULL),(274,2,NULL,NULL,NULL,NULL,0,104,NULL),(275,3,NULL,NULL,NULL,NULL,0,109,NULL),(276,3,NULL,NULL,NULL,NULL,0,75,NULL),(277,3,NULL,NULL,NULL,NULL,0,77,NULL),(278,2,NULL,NULL,NULL,NULL,0,88,NULL),(279,2,NULL,NULL,NULL,NULL,0,121,NULL),(280,3,NULL,NULL,NULL,NULL,0,67,NULL),(281,3,NULL,NULL,NULL,NULL,0,68,NULL),(282,3,NULL,NULL,NULL,NULL,0,100,NULL),(283,3,NULL,NULL,NULL,NULL,0,96,NULL),(284,2,NULL,NULL,NULL,NULL,0,116,NULL),(285,1,NULL,NULL,NULL,NULL,0,99,NULL),(286,2,NULL,NULL,NULL,NULL,0,82,NULL),(287,3,NULL,NULL,NULL,NULL,0,76,NULL),(288,2,NULL,NULL,NULL,NULL,0,59,NULL),(289,3,NULL,NULL,NULL,NULL,0,83,NULL),(290,5,NULL,NULL,NULL,NULL,0,92,NULL),(291,2,NULL,NULL,NULL,NULL,0,80,NULL),(292,2,NULL,NULL,NULL,NULL,0,72,NULL),(293,3,NULL,NULL,NULL,NULL,0,121,NULL),(294,2,NULL,NULL,NULL,NULL,0,89,NULL),(295,3,NULL,NULL,NULL,NULL,0,69,NULL),(296,3,NULL,NULL,NULL,NULL,0,89,NULL),(297,5,NULL,NULL,NULL,NULL,0,79,NULL),(298,3,NULL,NULL,NULL,NULL,0,85,NULL),(299,3,NULL,NULL,NULL,NULL,0,58,NULL),(300,3,NULL,NULL,NULL,NULL,0,72,NULL),(301,2,NULL,NULL,NULL,NULL,0,75,NULL),(302,2,NULL,NULL,NULL,NULL,0,73,NULL),(303,2,NULL,NULL,NULL,NULL,0,70,NULL),(304,3,NULL,NULL,NULL,NULL,0,106,NULL),(305,2,NULL,NULL,NULL,NULL,0,109,NULL),(306,2,NULL,NULL,NULL,NULL,0,123,NULL),(307,2,NULL,NULL,NULL,NULL,0,94,NULL),(308,2,NULL,NULL,NULL,NULL,0,90,NULL),(309,3,NULL,NULL,NULL,NULL,0,124,NULL),(310,2,NULL,NULL,NULL,NULL,0,108,NULL),(311,3,NULL,NULL,NULL,NULL,0,114,NULL),(312,3,NULL,NULL,NULL,NULL,0,118,NULL),(313,3,NULL,NULL,NULL,NULL,0,113,NULL),(314,2,NULL,NULL,NULL,NULL,0,126,NULL),(315,5,NULL,NULL,NULL,NULL,0,76,NULL),(316,3,NULL,NULL,NULL,NULL,0,93,NULL),(317,1,NULL,NULL,NULL,NULL,0,62,NULL),(318,1,NULL,NULL,NULL,NULL,0,113,NULL),(319,2,NULL,NULL,NULL,NULL,0,122,NULL),(320,5,NULL,NULL,NULL,NULL,0,99,NULL),(321,3,NULL,NULL,NULL,NULL,0,94,NULL),(322,2,NULL,NULL,NULL,NULL,0,98,NULL),(323,2,NULL,NULL,NULL,NULL,0,101,NULL),(324,3,NULL,NULL,NULL,NULL,0,102,NULL),(325,2,NULL,NULL,NULL,NULL,0,68,NULL),(326,2,NULL,NULL,NULL,NULL,0,61,NULL),(327,3,NULL,NULL,NULL,NULL,0,108,NULL),(328,2,NULL,NULL,NULL,NULL,0,62,NULL),(329,3,NULL,NULL,NULL,NULL,0,63,NULL),(330,2,NULL,NULL,NULL,NULL,0,117,NULL),(331,3,NULL,NULL,NULL,NULL,0,90,NULL),(332,3,NULL,NULL,NULL,NULL,0,138,NULL),(333,1,NULL,NULL,NULL,NULL,0,133,NULL),(334,4,NULL,NULL,NULL,NULL,0,134,NULL),(335,1,NULL,NULL,NULL,NULL,0,129,NULL),(336,4,NULL,NULL,NULL,NULL,0,129,NULL),(337,5,NULL,NULL,NULL,NULL,0,133,NULL),(338,1,NULL,NULL,NULL,NULL,0,137,NULL),(339,1,NULL,NULL,NULL,NULL,0,136,NULL),(340,4,NULL,NULL,NULL,NULL,0,130,NULL),(341,3,NULL,NULL,NULL,NULL,0,136,NULL),(342,3,NULL,NULL,NULL,NULL,0,130,NULL),(343,1,NULL,NULL,NULL,NULL,0,131,NULL),(344,5,NULL,NULL,NULL,NULL,0,132,NULL),(345,4,NULL,NULL,NULL,NULL,0,138,NULL),(346,1,NULL,NULL,NULL,NULL,0,135,NULL),(347,3,NULL,NULL,NULL,NULL,0,134,NULL),(348,3,NULL,NULL,NULL,NULL,0,135,NULL),(349,5,NULL,NULL,NULL,NULL,0,135,NULL),(350,3,NULL,NULL,NULL,NULL,0,131,NULL),(351,1,NULL,NULL,NULL,NULL,0,134,NULL),(352,1,NULL,NULL,NULL,NULL,0,138,NULL),(353,5,NULL,NULL,NULL,NULL,0,136,NULL),(354,5,NULL,NULL,NULL,NULL,0,131,NULL),(355,1,NULL,NULL,NULL,NULL,0,132,NULL),(356,3,NULL,NULL,NULL,NULL,0,129,NULL),(357,3,NULL,NULL,NULL,NULL,0,137,NULL),(358,1,NULL,NULL,NULL,NULL,0,130,NULL),(359,5,NULL,NULL,NULL,NULL,0,137,NULL),(360,3,NULL,NULL,NULL,NULL,0,133,NULL),(361,3,NULL,NULL,NULL,NULL,0,132,NULL);
/*!40000 ALTER TABLE `task_line` ENABLE KEYS */;
UNLOCK TABLES;
/*!40103 SET TIME_ZONE=@OLD_TIME_ZONE */;

/*!40101 SET SQL_MODE=@OLD_SQL_MODE */;
/*!40014 SET FOREIGN_KEY_CHECKS=@OLD_FOREIGN_KEY_CHECKS */;
/*!40014 SET UNIQUE_CHECKS=@OLD_UNIQUE_CHECKS */;
/*!40101 SET CHARACTER_SET_CLIENT=@OLD_CHARACTER_SET_CLIENT */;
/*!40101 SET CHARACTER_SET_RESULTS=@OLD_CHARACTER_SET_RESULTS */;
/*!40101 SET COLLATION_CONNECTION=@OLD_COLLATION_CONNECTION */;
/*!40111 SET SQL_NOTES=@OLD_SQL_NOTES */;

-- Dump completed on 2018-04-13 22:35:41
